学科门类,专业类,专业名称,核心技能
哲学,哲学类,哲学,思辨性文本分析、逻辑推理与论证、批判性思维、跨文化思想比较、哲学经典研读、辩证思维运用
哲学,哲学类,逻辑学,形式逻辑推理、论证有效性分析、逻辑谬误识别、命题逻辑演算、谓词逻辑应用、逻辑系统构建
哲学,哲学类,宗教学,宗教典籍解读、跨宗教文化比较、宗教伦理分析、宗教社会学研究、宗教历史梳理
哲学,哲学类,伦理学,伦理决策框架构建、道德困境分析、社会伦理评估、科技伦理研判（如生命/环境伦理）、伦理规范制定
经济学,经济学类,经济学,宏观经济分析（GDP/通胀/货币政策）、微观经济博弈建模、计量经济分析（Stata/EViews）、经济政策效果评估、经济数据解读
经济学,经济学类,经济统计学,统计数据建模、数据可视化（Power BI/Tableau）、统计报告撰写、抽样调查设计、数据可靠性检验
经济学,经济学类,国民经济管理,区域经济规划、宏观政策效果评估、国民经济账户分析、经济运行监测、产业布局优化
经济学,经济学类,资源与环境经济学,环境成本核算、资源定价模型、绿色经济政策分析、生态价值评估、环境经济损益分析
经济学,经济学类,商务经济学,商务谈判、市场需求预测、企业经济行为分析、商业模式设计、商务数据分析
经济学,经济学类,能源经济,能源市场供需分析、能源政策评估、能源成本核算、新能源产业经济分析、能源安全风险研判
经济学,经济学类,劳动经济学,劳动力市场分析、薪酬体系设计、就业政策评估、人力资本测算、劳动关系协调
经济学,经济学类,经济工程,经济系统建模、工程成本效益分析、项目经济可行性评估、技术经济评价、资源优化配置
经济学,经济学类,数字经济,数字经济模型构建、电商数据运营、数字产业政策分析、平台经济监管研究、数字经济收益测算
经济学,财政学类,财政学,财政预算编制、财政政策效果评估、政府收支管理、财政风险防控、公共财政项目评估
经济学,财政学类,税收学,税收制度设计、税务筹划、税收合规审查、税收征管流程优化、涉税风险评估
经济学,财政学类,国际税收,国际税收协定解读、跨境税务筹划、国际避税风险评估、转让定价调整、跨境税收争议解决
经济学,金融学类,金融学,金融市场分析（股票/债券/衍生品）、财务报表解读、投资组合构建、风险对冲策略、金融监管政策解读
经济学,金融学类,金融工程,量化投资策略开发（Python）、金融衍生品定价（Black-Scholes模型）、风险对冲模型设计、金融数据建模、算法交易回测
经济学,金融学类,保险学,风险评估、保险产品设计、精算模型构建、保险理赔流程管理、保险资金运用分析
经济学,金融学类,投资学,投资项目估值（DCF/可比公司法）、资产配置策略、行业投资分析、投资风险控制、私募/公募基金运作
经济学,金融学类,金融数学,金融数学建模、随机过程分析、期权定价模型应用、利率期限结构构建、信用风险量化
经济学,金融学类,信用管理,信用风险评级、企业信用评估、信用政策设计、应收账款管理、信用数据库搭建
经济学,金融学类,经济与金融,宏微观金融联动分析、金融政策与经济周期关联评估、跨市场风险传导分析、产融结合方案设计
经济学,金融学类,精算学,精算模型构建、保险精算定价、风险准备金计算、寿险/非寿险精算分析、偿付能力评估
经济学,金融学类,互联网金融,互联网信贷风控、区块链金融应用、数字支付系统设计、P2P平台运营管理、互联网金融合规
经济学,金融学类,金融科技,金融大数据分析（Hadoop/Spark）、智能投顾策略开发、金融科技合规、API接口开发、金融AI模型应用（如反欺诈）
经济学,金融学类,金融审计,金融机构审计、金融风险合规审查、审计报告撰写、内控制度评估、金融舞弊线索识别
经济学,经济与贸易类,国际经济与贸易,国际贸易实务（进出口流程）、跨境电商运营（亚马逊/阿里国际站）、贸易术语应用（Incoterms）、信用证结算、国际贸易合规
经济学,经济与贸易类,贸易经济,贸易政策合规审查、市场渠道拓展、贸易流量预测、大宗商品贸易分析、内外贸一体化运营
经济学,经济与贸易类,国际经济发展合作,国际援助项目评估、跨境合作机制设计、发展中国家经济分析、国际经济组织规则应用、援外项目管理
法学,法学类,法学,法律条文解读、法律文书撰写（合同/诉状/意见书）、案例检索与类比、谈判式调解、法律风险评估、庭审辩论
法学,法学类,知识产权,知识产权确权流程（专利/商标/版权）、专利/商标检索分析、知识产权侵权维权、知识产权许可谈判、知识产权战略布局
法学,法学类,监狱学,监狱管理规范解读、服刑人员教育方案设计、狱政合规管理、社区矫正衔接、监狱安全风险防控
法学,法学类,信用风险管理与法律防控,信用风险法律合规审查、金融信用条款设计、风险防控方案撰写、不良资产处置法律实务、信用纠纷诉讼代理
法学,法学类,国际经贸规则,跨境贸易法律条款解读、WTO规则应用、国际经贸争端分析、双边/多边贸易协定研究、反倾销/反补贴应对
法学,法学类,司法警察学,司法警务规范执行、法庭安全保障、司法文书送达、犯罪嫌疑人押解、司法秩序维护
法学,法学类,社区矫正,社区矫正方案设计、服刑人员心理疏导、社区矫正合规管理、再犯罪风险评估、社区矫正档案管理
法学,法学类,纪检监察,纪律审查流程执行、监察证据收集（谈话/函询）、违纪案件定性分析、纪检监察法规解读、廉政风险防控
法学,法学类,国际法,国际条约解读、跨境法律冲突解决、国际司法协助流程、外交保护法律实务、国际组织法律规则应用
法学,法学类,司法鉴定学,司法鉴定程序合规、证据技术鉴定（痕迹/文书/法医）、鉴定报告撰写、司法鉴定标准应用、鉴定结果质证
法学,法学类,国家安全学,国家安全风险评估、安全政策解读、安全事件应急处置、反间谍法律实务、国家安全战略研究
法学,法学类,海外利益安全,海外利益风险识别（政治/经济/安全）、跨境安全保障方案设计、涉外安全合规、海外危机公关、领事保护协调
法学,政治学类,政治学与行政学,政策文本分析、行政流程设计、政治制度比较、公共事务管理、行政决策评估
法学,政治学类,国际政治,国际关系分析（现实主义/自由主义）、国际局势研判、外交政策解读、地缘政治研究、国际冲突调解
法学,政治学类,外交学,外交文书撰写（照会/声明）、涉外沟通谈判、外交礼仪应用、外交政策制定建议、领事事务处理
法学,政治学类,国际事务与国际关系,国际组织规则应用（联合国/欧盟）、跨境事务协调、全球治理方案分析、国际关系调研、多边外交实务
法学,政治学类,政治学、经济学与哲学,跨学科理论融合分析（政经哲联动）、综合决策框架构建、社会发展规律研判、公共政策多维度评估、复杂问题系统拆解
法学,政治学类,国际组织与全球治理,国际组织机制解读、全球治理方案设计、多边合作协调、国际规则制定参与、全球议题研究（气候/贫困）
法学,社会学类,社会学,社会调研方法（问卷设计/深度访谈）、社会数据分析（SPSS）、社会问题归因、社会政策评估、社区治理研究
法学,社会学类,社会工作,个案工作介入（危机干预）、小组活动设计（社区支持）、社区资源链接、弱势群体帮扶、社会工作督导
法学,社会学类,人类学,田野调查方法、文化差异分析、民族志撰写、跨文化沟通、文化人类学理论应用
法学,社会学类,女性学,性别议题分析（就业/教育/权益）、女性权益政策解读、性别平等方案设计、女性发展调研、反性别歧视法律实务
法学,社会学类,家政学,家庭资源管理、家政服务规范设计、家庭关系疏导、婴幼儿照护指导、老年家庭照护方案
法学,社会学类,老年学,老年需求评估、养老服务方案设计、老龄化政策分析、老年社会工作、养老产业运营研究
法学,社会学类,社会政策,社会政策制定逻辑分析、政策效果评估（成本-收益）、民生需求匹配、政策文本解读、社会政策比较研究
法学,民族学类,民族学,民族文化调研、民族政策解读、跨民族沟通协调、民族历史梳理、民族地区发展规划
法学,马克思主义理论类,科学社会主义,社会主义理论分析（马克思主义经典）、意识形态建设逻辑解读、科学社会主义实践研究、当代社会主义思潮研判、社会主义制度比较
法学,马克思主义理论类,中国共产党历史,党史文献解读、党史事件分析、红色资源应用、党史教育方案设计、党史人物研究
法学,马克思主义理论类,思想政治教育,思政课程设计、思想动态引导、理论宣讲表达、思政教育评估、社会主义核心价值观培育
法学,马克思主义理论类,马克思主义理论,马克思主义经典著作解读、理论体系辨析（唯物史观/剩余价值）、理论应用分析、马克思主义中国化研究、马克思主义思潮批判
法学,马克思主义理论类,工会学,工会组织机制分析、职工权益维护方案设计、工会谈判实务、劳动关系协调、工会政策解读
法学,公安学类,治安学,治安防控方案设计、治安案件处置、公共安全风险评估、治安巡逻规划、群体性事件预防
法学,公安学类,侦查学,案件侦查逻辑构建、证据收集与固定、侦查文书撰写、侦查技术应用（监控/追踪）、犯罪心理分析
法学,公安学类,边防管理,边防管控流程执行、跨境人员/物品查验、边防应急处置、边防情报收集、边防涉外合作
法学,公安学类,禁毒学,毒品识别与检验、禁毒宣传方案设计、涉毒案件侦办、吸毒人员管控、禁毒国际合作
法学,公安学类,警犬技术,警犬训练与指挥（搜爆/搜毒）、警犬日常管理、警犬作业现场协调、警犬疾病预防、警犬技术教学
法学,公安学类,经济犯罪侦查,经济案件数据核查、财务造假线索识别、经济犯罪定性分析、涉案资金追查、经济侦查文书撰写
法学,公安学类,边防指挥,边防任务指挥调度、边防警力资源配置、边防突发事件处置、边防指挥预案制定、边防协同作战协调
法学,公安学类,消防指挥,消防救援方案制定、火场指挥调度、消防资源协调、火灾风险评估、消防演练组织
法学,公安学类,警卫学,警卫方案设计、重点目标安保、警卫应急处置、警卫路线规划、警卫人员管理
法学,公安学类,公安情报学,情报收集与分析、情报网络构建、情报研判报告撰写、情报保密管理、情报应用指导
法学,公安学类,犯罪学,犯罪行为归因分析、犯罪趋势预测、犯罪预防方案设计、犯罪统计分析、犯罪矫正研究
法学,公安学类,公安管理学,公安队伍管理、公安行政流程优化、公安资源调配、公安绩效考核、公安信息化建设
法学,公安学类,涉外警务,涉外案件处置、跨境警务协作、涉外人员沟通（外语）、涉外警务法规解读、国际警务合作
法学,公安学类,国内安全保卫,国内安全风险排查、重点人员管控、安全保卫方案设计、反颠覆渗透工作、国内安全情报分析
法学,公安学类,警务指挥与战术,警务指挥流程、战术方案制定、现场警力调度、应急处突战术、警务战术训练
法学,公安学类,技术侦查学,侦查技术工具应用（监听/定位）、技术证据固定、技术侦查合规管理、技术侦查数据分析、技术侦查报告撰写
法学,公安学类,海警执法,海上执法流程、海上案件处置、海上资源管控、海上巡逻执法、海警涉外执法协调
法学,公安学类,公安政治工作,公安队伍思想建设、公安宣传方案设计、公安组织文化构建、公安思政教育、公安表彰奖励管理
法学,公安学类,移民管理,移民身份核查、移民政策解读、移民事务办理、移民权益保障、移民风险防控
法学,公安学类,出入境管理,出入境证件查验、出入境流程优化、涉外人员管控、出入境数据统计、出入境违规处置
法学,公安学类,反恐警务,反恐风险评估、反恐应急方案设计、涉恐案件处置、反恐情报收集、反恐宣传教育
法学,公安学类,消防政治工作,消防队伍思想建设、消防宣传教育、消防组织文化构建、消防思政培训、消防先进典型选树
法学,公安学类,铁路警务,铁路安全防控、铁路案件处置、铁路警力调配、铁路客流安全管理、铁路沿线治安管理
教育学,教育学类,教育学,教育理论应用（建构主义/行为主义）、教学方案设计、教育效果评估（考试/观察）、课程开发、教育政策解读
教育学,教育学类,科学教育,科学实验设计、科普内容开发、科学教学方法应用（探究式）、科学课程资源整合、学生科学素养评估
教育学,教育学类,人文教育,人文课程设计（文学/历史/哲学）、人文素养培育、跨学科人文教学、人文教育活动组织、学生人文认知评估
教育学,教育学类,教育技术学,教育信息化工具应用（PPT/在线平台）、在线课程开发（MOOC）、教学资源数字化、教育技术评估、人工智能教育应用
教育学,教育学类,艺术教育,艺术课程设计（音乐/美术）、艺术教学方法应用、艺术素养培育、艺术展演组织、学生艺术能力评估
教育学,教育学类,学前教育,幼儿课程设计（游戏化）、幼儿行为引导、幼儿活动组织、幼儿发展评估、家园共育协调
教育学,教育学类,小学教育,小学课程设计（语文/数学）、班级管理、小学生认知发展引导、小学教学方法应用（启发式）、学生学业辅导
教育学,教育学类,特殊教育,特殊儿童评估（智力/听力）、个别化教育方案设计、特殊教育工具应用（助听设备）、特殊儿童康复训练、特殊教育家校沟通
教育学,教育学类,华文教育,华文课程设计、跨境华文教学、中华文化传播、华文教材开发、海外华文师资培训
教育学,教育学类,教育康复学,教育康复方案设计、特殊儿童康复训练（语言/运动）、康复效果评估、康复设备使用、康复家校协作
教育学,教育学类,卫生教育,卫生知识科普、健康课程设计、公共卫生教育方案、学生健康行为引导、卫生教育效果评估
教育学,教育学类,认知科学与技术,认知规律应用（记忆/注意力）、学习认知干预、认知教学工具开发、认知能力评估、认知科学实验设计
教育学,教育学类,融合教育,融合课程设计（特殊与普通学生）、特殊儿童融合支持、融合教学环境构建、融合教育师资培训、融合教育效果评估
教育学,教育学类,劳动教育,劳动课程设计（手工/农事）、劳动技能培育、劳动实践组织、学生劳动素养评估、劳动教育资源整合
教育学,教育学类,家庭教育,家庭教养指导、家庭亲子沟通引导、家庭教育方案设计、家长培训、家庭教育问题咨询
教育学,教育学类,孤独症儿童教育,孤独症儿童评估、孤独症教学方案设计（ABA/TEACCH）、孤独症行为干预、孤独症儿童康复训练、孤独症儿童家校协同
教育学,教育学类,人工智能教育,AI教学工具开发、智能课程设计、AI教育应用指导、学生AI素养培育、人工智能教育评估
教育学,教育学类,婴幼儿发展与健康管理,婴幼儿发育评估、婴幼儿健康护理、婴幼儿发展引导、婴幼儿营养指导、婴幼儿照护方案设计
教育学,体育学类,体育教育,体育课程设计（田径/球类）、体育技能教学、体育训练方案制定、学生体质测试、体育竞赛组织
教育学,体育学类,运动训练,专项运动训练方案（足球/田径）、运动员技能提升、运动损伤预防、训练效果评估、运动员心理疏导
教育学,体育学类,社会体育指导与管理,社会体育活动组织、大众健身指导、体育赛事策划、社会体育资源整合、群众体质监测
教育学,体育学类,武术与民族传统体育,传统武术教学（太极拳/武术套路）、民族体育项目推广、武术训练方案设计、武术赛事组织、民族体育文化传承
教育学,体育学类,运动人体科学,运动生理分析、运动营养方案、运动损伤康复、运动生物力学研究、运动机能评估
教育学,体育学类,运动康复,运动损伤评估、康复训练方案、康复效果跟踪、康复器械使用、康复心理辅导
教育学,体育学类,休闲体育,休闲体育项目开发（瑜伽/露营）、休闲体育活动组织、大众休闲健身指导、休闲体育产业分析、休闲体育安全管理
教育学,体育学类,体能训练,体能评估、体能训练方案、体能提升跟踪、专项体能训练、体能恢复指导
教育学,体育学类,冰雪运动,冰雪项目教学（滑雪/滑冰）、冰雪训练方案、冰雪赛事组织、冰雪运动安全防护、冰雪运动场馆管理
教育学,体育学类,电子竞技运动与管理,电竞赛事策划、电竞训练指导、电竞俱乐部管理、电竞战术分析、电竞行业合规
教育学,体育学类,智能体育工程,智能体育设备应用（运动手环/VR）、智能训练方案设计、体育数据化分析、智能体育系统开发、智能体育赛事支持
教育学,体育学类,体育旅游,体育旅游项目开发（马拉松/骑行）、体育旅游活动组织、体育旅游安全保障、体育旅游市场分析、体育旅游资源整合
教育学,体育学类,运动能力开发,运动潜能评估、运动能力提升方案、专项能力训练、运动能力监测、运动能力发展指导
教育学,体育学类,足球运动,足球教学（技术/战术）、足球训练方案、足球赛事组织、足球运动员选材、足球俱乐部青训管理
教育学,体育学类,马术运动与管理,马术教学（骑术/马匹护理）、马术训练方案、马术俱乐部管理、马术赛事组织、马匹健康管理
文学,中国语言文学类,汉语言文学,文本分析（古代/现代文学）、公文写作（报告/通知）、文学鉴赏、语言表达（演讲/写作）、古典文献整理
文学,中国语言文学类,汉语言,汉语语法分析、汉语教学、汉语语言应用（写作/口语）、汉语方言研究、汉语规范化推广
文学,中国语言文学类,汉语国际教育,对外汉语教学、跨文化沟通、汉语课程设计、汉语教材开发、留学生汉语评估
文学,中国语言文学类,中国少数民族语言文学,民族语言研究（藏语/蒙古语）、民族文化传播、民族语言教学、民族文献整理、民族语言保护
文学,中国语言文学类,古典文献学,古籍整理、文献校勘、古典文本解读、古籍数字化、古典文献检索
文学,中国语言文学类,应用语言学,语言应用分析、语言教学方案、语言工具开发（词典/翻译软件）、语言习得研究、语言测试设计
文学,中国语言文学类,秘书学,公文撰写（请示/纪要）、会议组织、办公事务管理、档案整理、商务沟通协调
文学,中国语言文学类,中国语言与文化,中华文化传播、语言文化教学、跨文化语言应用、文化文本解读、语言文化活动组织
文学,中国语言文学类,手语翻译,手语翻译、聋人沟通、手语教学、手语教材开发、手语文化传播
文学,中国语言文学类,数字人文,数字文本处理、人文数据可视化、数字人文工具应用（GIS）、人文数据库构建、数字人文项目开发
文学,中国语言文学类,中国古典学,古典文献研究、古典文化解读、古典学术梳理、古典语言应用、古典文化传承
文学,中国语言文学类,汉学与中国学,中国文化研究、汉学交流、跨文化汉学传播、汉学文献解读、汉学学术研究
文学,中国语言文学类,应用中文,实用文本写作（新闻/广告）、应用语言表达、职场文书处理、中文编辑校对、应用中文培训
文学,外国语言文学类,英语/俄语/德语等语种专业,外语听说读写、外语翻译（笔译/口译）、跨文化沟通、外语教学、外语文学鉴赏、外语应用文写作
文学,外国语言文学类,翻译,笔译（文学/商务）、口译（同声传译/交替传译）、翻译文本处理、跨语言沟通、翻译质量评估
文学,外国语言文学类,商务英语,商务外语沟通、外贸文书撰写、跨境商务洽谈、国际商务礼仪、商务英语翻译
文学,新闻传播学类,新闻学,新闻采写（消息/深度报道）、新闻编辑、新闻评论撰写、新闻摄影、新闻伦理研判、媒体运营
文学,新闻传播学类,广播电视学,广电节目策划、广电新闻采制、广电编辑剪辑（PR）、广电播音主持、广电受众分析
文学,新闻传播学类,广告学,广告策划、广告创意设计、广告文案撰写、广告效果评估、品牌推广、新媒体广告运营
文学,新闻传播学类,传播学,传播理论应用（拉斯韦尔5W）、传播效果分析、媒介研究（传统/新媒体）、舆情监测、跨文化传播
文学,新闻传播学类,编辑出版学,图书编辑、期刊策划、出版流程管理、校对排版、数字出版开发、版权管理
文学,新闻传播学类,网络与新媒体,新媒体内容创作（短视频/推文）、新媒体运营（微信/微博）、网络舆情分析、新媒体数据分析、新媒体营销
文学,新闻传播学类,数字出版,数字内容开发（电子书/有声书）、数字出版平台运营、数字版权管理、数字排版设计、数字阅读推广
文学,新闻传播学类,时尚传播,时尚内容创作、时尚品牌推广、时尚活动策划、时尚媒体运营、时尚受众分析
文学,新闻传播学类,国际新闻与传播,国际新闻采写、跨文化新闻传播、国际媒体分析、国际新闻翻译、国际舆情研判
文学,新闻传播学类,会展,会展策划、会展组织执行、会展文案撰写、会展招商、会展效果评估、会展品牌管理
历史学,历史学类,历史学,历史文献解读、历史事件分析、历史研究方法应用、历史论文撰写、历史文化传播
历史学,历史学类,世界史,世界历史梳理、跨文明比较研究、世界史文献解读、世界史专题研究、国际历史文化交流
历史学,历史学类,考古学,考古发掘技术、文物识别、考古报告撰写、考古遗址保护、考古年代测定（碳14）
历史学,历史学类,文物与博物馆学,文物鉴定、博物馆展览策划、文物保护、博物馆管理、文物数字化、博物馆教育
历史学,历史学类,文物保护技术,文物修复技术（书画/陶瓷）、文物材质分析、文物保护方案设计、文物保存环境控制、文物保护设备使用
历史学,历史学类,外国语言与外国历史,外国历史研究、外语文献解读、跨语言历史分析、外国历史文化传播、中外历史比较
历史学,历史学类,文化遗产,文化遗产申报（世界遗产）、文化遗产保护、文化遗产开发、文化遗产管理、文化遗产数字化
历史学,历史学类,古文字学,古文字识别（甲骨文/金文）、古文字解读、古文字文献整理、古文字研究、古文字教学
历史学,历史学类,科学史,科学发展梳理、科学思想研究、科学史文献解读、科技与社会关系分析、科学史教育
理学,数学类,数学与应用数学,高等数学运算（微积分/线性代数）、数学建模、数学理论研究、数学软件应用（Matlab）、数学问题解决
理学,数学类,信息与计算科学,数值计算、算法设计、程序编写（C++/Python）、数据处理、计算数学应用
理学,数学类,数理基础科学,基础数学研究（数论/拓扑）、物理数学应用、数理逻辑分析、科学计算、跨学科数理应用
理学,数学类,数据计算及应用,数据计算算法、大数据处理（Spark）、数据建模分析、计算结果可视化、数据计算应用开发
理学,物理学类,物理学,物理实验操作、物理理论应用（经典/量子力学）、物理数据分析、物理问题建模、物理软件应用（Origin）
理学,物理学类,应用物理学,应用物理实验、物理技术开发（光学/声学）、物理问题解决、跨学科物理应用、物理设备使用
理学,物理学类,核物理,核物理实验、核反应分析、核辐射探测、核安全防护、核技术应用（医疗/能源）
理学,物理学类,声学,声学实验、声信号处理、声学设备设计、噪声控制、声学应用开发（超声/水声）
理学,物理学类,系统科学与工程,系统建模、系统分析、系统优化、系统仿真（Simulink）、跨学科系统应用
理学,物理学类,量子信息科学,量子力学应用、量子信息处理、量子通信技术、量子计算基础、量子信息实验
理学,化学类,化学,化学实验操作、化学理论应用（无机/有机/分析）、化学数据分析、化学物质合成、化学软件应用（ChemDraw）
理学,化学类,应用化学,应用化学实验、化学技术开发（材料/环境）、化学产品研发、化学问题解决、跨学科化学应用
理学,化学类,化学生物学,化学生物实验、生物分子分析、化学生物技术开发、药物化学基础、化学生物数据处理
理学,化学类,分子科学与工程,分子设计、分子合成、分子性能分析、分子材料研发、分子模拟计算（GROMACS）
理学,化学类,能源化学,能源化学实验、能源材料合成、能源转化分析、能源存储技术、能源化学应用开发
理学,化学类,化学测量学与技术,化学测量实验、测量方法开发、测量仪器使用（色谱/光谱）、测量数据处理、测量质量控制
理学,化学类,资源化学,资源化学分析、资源提取技术、资源循环利用、资源化学实验、资源开发评估
理学,天文学类,天文学,天文观测（望远镜使用）、天文数据处理、天体物理分析、天文软件应用（Stellarium）、天文现象研究
理学,地理科学类,地理科学,地理观测、地理数据分析（GIS）、地理理论应用、地理地图绘制、地理环境研究
理学,地理科学类,自然地理与资源环境,自然地理调查、资源环境评估、地理信息应用（GIS）、自然资源管理、环境地理分析
理学,地理科学类,人文地理与城乡规划,人文地理调研、城乡规划设计、地理信息应用（GIS）、城市空间分析、规划方案评估
理学,地理科学类,地理信息科学,GIS软件应用（ArcGIS）、地理数据采集、地理信息系统开发、空间数据分析、地理信息可视化
理学,大气科学类,大气科学,大气观测（气象站/卫星）、气象数据分析、大气动力学应用、天气预报、气候研究
理学,大气科学类,应用气象学,气象服务应用、气象灾害评估、专业气象预报（农业/航空）、气象数据处理、气象技术开发
理学,大气科学类,气象技术与工程,气象设备设计、气象系统开发、气象技术应用、气象工程施工、气象设备维护
理学,大气科学类,地球系统科学,地球系统建模、多圈层分析（大气/海洋/陆地）、地球系统数据处理、全球变化研究、跨学科地球系统应用
理学,海洋科学类,海洋科学,海洋观测（船只/浮标）、海洋数据分析、海洋物理/化学/生物研究、海洋软件应用、海洋现象研究
理学,海洋科学类,海洋技术,海洋技术开发（探测/导航）、海洋设备使用、海洋数据采集、海洋工程应用、海洋技术维护
理学,海洋科学类,海洋资源与环境,海洋资源调查、海洋环境评估、海洋资源开发、海洋环境保护、海洋数据处理
理学,海洋科学类,军事海洋学,军事海洋环境分析、海洋军事技术应用、海洋军事数据处理、海洋作战支持、军事海洋研究
理学,海洋科学类,海洋科学与技术,海洋科学研究、海洋技术开发、跨学科海洋应用、海洋数据整合、海洋项目开发
理学,地球物理学类,地球物理学,地球物理勘探（地震/重力）、地球物理数据分析、地球内部结构研究、地球物理软件应用、地球物理问题解决
理学,地球物理学类,空间科学与技术,空间观测（卫星/雷达）、空间数据分析、空间环境研究、空间技术应用、空间项目开发
理学,地球物理学类,防灾减灾科学与工程,灾害风险评估、防灾减灾方案设计、灾害监测技术应用、灾害应急处置、灾害数据分析
理学,地球物理学类,行星科学,行星观测、行星数据分析、行星地质/大气研究、行星探测技术、行星科学研究
理学,地质学类,地质学,地质调查、地质剖面绘制、岩石/矿物识别、地质数据分析、地质理论应用（板块构造）
理学,地质学类,地球化学,地球化学分析、元素/同位素测定、地球化学数据处理、成矿作用研究、地球化学软件应用
理学,地质学类,地球信息科学与技术,地球信息采集、GIS软件应用、地球信息系统开发、空间数据分析、地球信息可视化
理学,地质学类,古生物学,化石采集与鉴定、古生物地层分析、古生态研究、古生物演化分析、古生物绘图
理学,生物科学类,生物科学,生物实验操作（细胞/分子）、生物理论应用（遗传学/生态学）、生物数据分析、生物标本制作、生物软件应用（BLAST）
理学,生物科学类,生物技术,生物技术开发（基因工程/发酵）、生物实验操作、生物产品研发、生物数据处理、生物技术应用（医疗/农业）
理学,生物科学类,生物信息学,生物数据挖掘（基因组/蛋白质组）、生物信息软件应用（Python/Perl）、生物信息分析、分子进化研究、生物数据库构建
理学,生物科学类,生态学,生态调查、生态数据分析、生态模型构建、生态保护方案设计、生态监测
理学,生物科学类,整合科学,跨学科科学研究（生物/化学/物理）、整合数据分析、整合模型构建、跨学科实验设计、整合科学应用
理学,生物科学类,神经科学,神经实验操作（电生理/成像）、神经数据分析、神经机制研究、神经软件应用、神经科学技术开发
理学,心理学类,心理学,心理实验设计、心理测量（量表编制）、心理数据分析（SPSS）、心理咨询基础、心理理论应用（认知/社会心理学）
理学,心理学类,应用心理学,应用心理评估（临床/教育）、心理咨询实务、心理干预方案设计、心理数据处理、跨领域心理应用（企业EAP）
理学,统计学类,统计学,统计数据建模、统计方法应用（回归/方差分析）、统计软件使用（R/SAS）、统计推断、统计报告撰写
理学,统计学类,应用统计学,应用统计分析、行业数据处理（金融/医疗）、统计软件应用、统计预测、应用统计报告撰写
理学,统计学类,数据科学,数据采集（爬虫）、数据清洗、数据分析（Python）、数据可视化（Tableau）、数据科学模型构建（机器学习）
理学,统计学类,生物统计学,生物数据统计分析、临床试验设计、生物统计软件应用（SAS/SPSS）、生物统计模型构建、生物统计报告撰写
工学,力学类,理论与应用力学,力学理论应用（牛顿力学/流体力学）、力学建模、力学计算（ANSYS）、力学实验操作、力学问题解决
工学,力学类,工程力学,工程力学分析（静力学/材料力学）、结构力学计算、工程力学软件应用（ABAQUS）、工程力学实验、工程力学问题解决
工学,机械类,机械工程,机械设计（CAD）、机械制造工艺、机械力学分析、机械故障诊断、机械软件应用（SolidWorks）
工学,机械类,机械设计制造及其自动化,机械设计、机械制造（数控加工）、自动化控制（PLC）、机械测试、机械生产管理
工学,机械类,材料成型及控制工程,材料成型工艺（铸造/焊接）、成型设备操作、成型过程控制、成型质量检测、成型工艺优化
工学,机械类,机械电子工程,机械设计、电子电路设计、机电控制（PLC）、机电设备调试、机电系统维护
工学,机械类,工业设计,产品外观设计（CAD/PS）、产品结构设计、用户体验分析、设计方案评估、设计软件应用（Rhino）
工学,机械类,过程装备与控制工程,过程装备设计、过程控制（DCS）、装备强度计算、装备故障诊断、装备维护
工学,机械类,车辆工程,车辆设计（底盘/车身）、车辆性能测试、车辆制造工艺、车辆电子控制、车辆软件应用（UG）
工学,机械类,汽车服务工程,汽车检测诊断、汽车维修、汽车服务管理、汽车保险理赔、汽车技术咨询
工学,机械类,机械工艺技术,机械工艺设计、工艺文件编制、工艺装备设计、工艺优化、工艺质量控制
工学,机械类,微机电系统工程,MEMS设计、微加工工艺、MEMS测试、MEMS封装、MEMS系统集成
工学,机械类,机电技术教育,机电技术教学、机电实验指导、机电课程设计、机电技能培训、机电教学评估
工学,机械类,汽车维修工程教育,汽车维修教学、汽车实验指导、汽车课程设计、汽车技能培训、汽车教学评估
工学,机械类,智能制造工程,智能设计（CAD/CAE）、智能制造工艺（工业机器人）、智能控制（AI）、智能制造系统集成、智能制造数据分析
工学,机械类,智能车辆工程,智能车辆设计、自动驾驶技术、车辆智能控制、智能车辆测试、智能车辆数据分析
工学,机械类,仿生科学与工程,仿生设计、仿生材料应用、仿生结构分析、仿生实验、仿生技术开发
工学,机械类,新能源汽车工程,新能源汽车设计（电池/电机）、新能源汽车性能测试、新能源汽车制造工艺、新能源汽车控制、新能源汽车维护
工学,机械类,增材制造工程,3D建模（CAD）、增材制造工艺（SLM/FDM）、增材制造设备操作、增材制造质量控制、增材制造产品设计
工学,机械类,智能交互设计,交互设计（UI/UX）、用户需求分析、交互原型开发（Axure）、交互测试、交互软件应用
工学,机械类,应急装备技术与工程,应急装备设计、应急装备测试、应急装备维护、应急处置方案设计、应急装备应用
工学,机械类,农林智能装备工程,农林装备设计、智能控制（GPS/AI）、农林装备测试、农林作业方案设计、农林装备维护
工学,仪器类,测控技术与仪器,测量仪器设计、测控系统开发、数据采集与处理、仪器校准、测控软件应用（LabVIEW）
工学,仪器类,精密仪器,精密仪器设计、精密测量、精密仪器校准、精密仪器测试、精密仪器维护
工学,仪器类,智能感知工程,传感器设计、感知系统开发、数据采集与分析、智能感知算法、感知系统测试
工学,材料类,材料科学与工程,材料设计、材料合成、材料性能测试、材料微观分析（SEM/TEM）、材料软件应用（JMatPro）
工学,材料类,材料物理,材料物理性能测试、材料结构分析（XRD）、材料物理理论应用、材料设计、材料物理实验
工学,材料类,材料化学,材料化学合成、材料化学性能测试、材料表征（FTIR）、材料化学分析、材料化学实验
工学,材料类,冶金工程,冶金工艺设计、冶金设备操作、冶金过程控制、冶金质量检测、冶金环保技术
工学,材料类,金属材料工程,金属材料设计、金属材料制备、金属材料性能测试、金属材料热处理、金属材料应用开发
工学,材料类,无机非金属材料工程,无机非金属材料设计、材料制备工艺、材料性能测试、材料应用开发、材料质量控制
工学,材料类,高分子材料与工程,高分子材料合成、高分子材料性能测试、高分子材料加工、高分子材料表征（GPC）、高分子材料应用开发
工学,材料类,复合材料与工程,复合材料设计、复合材料制备、复合材料性能测试、复合材料成型、复合材料应用开发
工学,材料类,粉体材料科学与工程,粉体材料制备、粉体性能测试、粉体成型、粉体材料表征、粉体材料应用开发
工学,材料类,宝石及材料工艺学,宝石鉴定、宝石设计、宝石加工、宝石质量评估、宝石市场分析
工学,材料类,焊接技术与工程,焊接工艺设计、焊接设备操作、焊接质量检测、焊接缺陷修复、焊接过程控制
工学,材料类,功能材料,功能材料设计、材料合成、功能性能测试、材料应用开发、材料表征
工学,材料类,纳米材料与技术,纳米材料制备、纳米材料表征（TEM/AFM）、纳米材料性能测试、纳米技术应用、纳米材料开发
工学,材料类,新能源材料与器件,新能源材料设计、材料制备、器件组装、器件性能测试、新能源应用开发
工学,材料类,材料设计科学与工程,材料设计（计算材料学）、材料模拟（VASP）、材料合成、材料性能测试、材料应用开发
工学,材料类,复合材料成型工程,复合材料成型工艺、成型设备操作、成型质量控制、成型模具设计、成型工艺优化
工学,材料类,智能材料与结构,智能材料设计、材料制备、结构设计、智能响应测试、智能系统集成
工学,材料类,光电信息材料与器件,光电材料设计、材料制备、器件组装、光电性能测试、光电应用开发
工学,材料类,生物材料,生物材料设计、材料制备、生物相容性测试、材料表征、生物材料应用开发（医疗）
工学,材料类,材料智能技术,材料AI设计、智能表征、智能测试、智能数据分析、智能材料应用
工学,材料类,电子信息材料,电子材料设计、材料制备、材料电学性能测试、材料表征、电子材料应用开发
工学,材料类,软物质科学与工程,软物质制备、软物质性能测试、软物质表征、软物质应用开发、软物质理论应用
工学,材料类,稀土材料科学与工程,稀土材料制备、稀土性能测试、稀土表征、稀土应用开发、稀土材料设计
工学,能源动力类,能源与动力工程,能源转换技术、动力设备设计、热力系统分析、能源效率评估、能源软件应用（Fluent）
工学,能源动力类,能源与环境系统工程,能源系统设计、环境系统分析、能源环境协调优化、系统仿真（Aspen Plus）、系统评估
工学,能源动力类,新能源科学与工程,新能源技术（光伏/风电）、新能源系统设计、新能源性能测试、新能源数据分析、新能源应用开发
工学,能源动力类,储能科学与工程,储能技术（电池/氢能）、储能系统设计、储能性能测试、储能数据分析、储能应用开发
工学,能源动力类,能源服务工程,能源审计、能源管理、能源服务方案设计、能源数据分析、能源技术咨询
工学,能源动力类,氢能科学与工程,氢能制备技术、氢能存储、氢能系统设计、氢能安全评估、氢能应用开发
工学,能源动力类,可持续能源,可持续能源技术、能源系统优化、能源环境评估、可持续能源规划、能源政策分析
工学,电气类,电气工程及其自动化,电气设计（CAD）、电机控制、电力系统分析、电气设备调试、电气软件应用（MATLAB/Simulink）
工学,电气类,智能电网信息工程,智能电网设计、电网信息采集、电网数据分析、电网优化控制、智能电网软件应用
工学,电气类,光源与照明,光源设计、照明系统开发、照明性能测试、照明节能优化、照明控制
工学,电气类,电气工程与智能控制,电气设计、智能控制（PLC/AI）、电气设备调试、控制系统开发、电气系统维护
工学,电气类,电机电器智能化,电机设计、电器开发、智能控制、电机测试、电器维护
工学,电气类,电缆工程,电缆设计、电缆制造工艺、电缆测试、电缆敷设、电缆维护
工学,电气类,能源互联网工程,能源互联网设计、能源数据采集、能源网络分析、能源优化控制、能源互联网软件应用
工学,电气类,智慧能源工程,智慧能源系统设计、能源数据智能分析、能源优化控制、智慧能源设备调试、智慧能源管理
工学,电气类,电动载运工程,电动载运工具设计、动力系统开发、载运控制、性能测试、载运系统维护
工学,电气类,大功率半导体科学与工程,半导体设计、半导体制造、半导体测试、半导体应用、半导体封装
工学,电子信息类,电子信息工程,电子电路设计（Altium Designer）、信号处理、嵌入式系统开发、电子设备调试、电子软件应用（MATLAB）
工学,电子信息类,电子科学与技术,电子材料设计、器件制造、电路设计、性能测试、电子技术开发
工学,电子信息类,通信工程,通信系统设计、通信协议开发、信号处理、通信设备调试、通信软件应用（NS-3）
工学,电子信息类,微电子科学与工程,芯片设计（Verilog）、半导体制造、微电子器件、芯片测试、微电子软件应用（Cadence）
工学,电子信息类,光电信息科学与工程,光电系统设计、光电器件开发、光电信号处理、光电测试、光电应用开发
工学,电子信息类,信息工程,信息系统设计、信息处理、通信技术应用、信息安全、信息系统维护
工学,电子信息类,广播电视工程,广电系统设计、信号传输、广电设备调试、广电内容制作、广电系统维护
工学,电子信息类,水声工程,水声系统设计、水声信号处理、水声设备调试、水声探测、水声系统维护
工学,电子信息类,电子封装技术,封装设计、封装工艺、封装测试、封装材料应用、封装可靠性分析
工学,电子信息类,集成电路设计与集成系统,集成电路设计（Verilog/VHDL）、芯片集成、电路仿真、芯片测试、集成电路软件应用（Synopsys）
工学,电子信息类,医学信息工程,医学信息系统设计、医疗数据处理、医学设备接口开发、医学信息安全、医学信息系统维护
工学,电子信息类,电磁场与无线技术,电磁场分析、无线系统设计、天线设计、无线测试、电磁场软件应用（HFSS）
工学,电子信息类,电波传播与天线,电波传播分析、天线设计、天线测试、电波传播预测、天线软件应用（CST）
工学,电子信息类,电子信息科学与技术,电子信息分析、信息处理、电子技术应用、信息系统开发、电子信息软件应用
工学,电子信息类,电信工程及管理,电信系统设计、电信网络管理、电信业务开发、电信数据分析、电信系统维护
工学,电子信息类,应用电子技术教育,电子技术教学、电子实验指导、电子课程设计、电子技能培训、电子教学评估
工学,电子信息类,人工智能,AI算法开发（Python）、机器学习模型构建、深度学习应用（TensorFlow/PyTorch）、AI数据处理、AI系统集成
工学,电子信息类,海洋信息工程,海洋信息采集、海洋信息处理、海洋信息系统设计、海洋数据分析、海洋信息应用
工学,电子信息类,柔性电子学,柔性电子设计、柔性材料应用、柔性器件制备、柔性电子测试、柔性电子应用开发
工学,电子信息类,智能测控工程,智能测量系统设计、智能控制（PLC/AI）、测控数据处理、智能设备调试、智能测控软件应用
工学,电子信息类,智能视觉工程,计算机视觉算法（OpenCV）、图像识别、视觉系统开发、视觉测试、视觉应用开发
工学,电子信息类,智能视听工程,音频/视频处理、智能视听系统设计、视听算法开发、视听测试、视听应用开发
工学,自动化类,自动化,自动控制系统设计、PLC编程、SCADA系统开发、控制系统调试、自动化软件应用（MATLAB/Simulink）
工学,自动化类,轨道交通信号与控制,轨道交通信号设计、信号系统开发、信号控制算法、信号设备调试、轨道交通系统维护
工学,自动化类,机器人工程,机器人设计（机械/电子）、机器人控制算法、机器人编程（C++/Python）、机器人调试、机器人系统集成
工学,自动化类,邮政工程,邮政系统设计、邮政自动化设备、邮政数据分析、邮政网络优化、邮政系统维护
工学,自动化类,核电技术与控制工程,核电系统设计、核电控制（PLC/DCS）、核电安全分析、核电设备调试、核电系统维护
工学,自动化类,智能装备与系统,智能装备设计、智能控制（AI）、装备调试、系统集成、智能装备维护
工学,自动化类,工业智能,工业数据分析、工业AI应用、工业自动化控制、工业系统优化、工业软件应用（MES）
工学,自动化类,智能工程与创意设计,智能系统设计、创意产品开发、用户体验分析、智能测试、创意设计软件应用
工学,计算机类,计算机科学与技术,程序设计（C++/Python）、算法开发、数据结构应用、计算机系统设计、计算机软件应用（Linux）
工学,计算机类,软件工程,软件设计（UML）、软件开发（Java/Python）、软件测试、软件维护、软件工程管理（敏捷）
工学,计算机类,网络工程,网络设计、网络配置（Cisco）、网络安全、网络维护、网络软件应用（Wireshark）
工学,计算机类,信息安全,安全漏洞分析、加密技术应用、安全防护系统开发、安全测试、安全事件响应
工学,计算机类,物联网工程,物联网系统设计、传感器应用、无线通信（RFID/NB-IoT）、物联网数据处理、物联网系统维护
工学,计算机类,数字媒体技术,数字媒体设计（PS/PR）、动画制作（Maya）、交互设计、数字媒体开发、数字媒体软件应用
工学,计算机类,智能科学与技术,智能算法开发、机器学习应用、智能系统设计、智能数据处理、智能软件应用（TensorFlow）
工学,计算机类,空间信息与数字技术,空间信息采集、数字技术应用（GIS）、空间数据分析、数字系统开发、空间信息可视化
工学,计算机类,电子与计算机工程,电子电路设计、计算机系统开发、嵌入式系统、电子计算机调试、电子计算机软件应用
工学,计算机类,数据科学与大数据技术,大数据采集（Hadoop）、数据清洗、数据分析（Spark）、数据可视化（Tableau）、大数据模型构建
工学,计算机类,网络空间安全,网络空间漏洞分析、网络攻击防御、安全协议开发、安全测试、网络空间安全事件响应
工学,计算机类,新媒体技术,新媒体系统开发、新媒体内容制作、新媒体数据分析、新媒体运营、新媒体软件应用
工学,计算机类,电影制作,电影拍摄、电影剪辑（PR）、特效制作（AE）、电影音效、电影后期制作
工学,计算机类,保密技术,保密系统设计、加密技术应用、保密测试、保密设备维护、保密协议开发
工学,计算机类,服务科学与工程,服务系统设计、服务数据分析、服务优化、服务开发、服务软件应用
工学,计算机类,虚拟现实技术,VR建模（3D Max）、VR场景开发、VR交互设计、VR测试、VR系统集成
工学,计算机类,区块链工程,区块链开发（Solidity）、智能合约编写、区块链系统设计、区块链测试、区块链应用开发
工学,计算机类,密码科学与技术,密码算法开发、加密技术应用、密码系统设计、密码测试、密码协议开发
工学,计算机类,工业软件,工业软件设计、工业数据分析、工业软件开发、工业软件测试、工业软件应用（CAD/CAM）
工学,土木类,土木工程,结构设计（CAD/PKPM）、施工技术、工程力学分析、工程造价、土木软件应用（ETABS）
工学,土木类,建筑环境与能源应用工程,建筑环境设计、暖通空调系统、能源应用、系统调试、建筑环境软件应用（EnergyPlus）
工学,土木类,给排水科学与工程,给排水系统设计、水处理技术、管网设计、水质检测、给排水软件应用（EPANET）
工学,土木类,建筑电气与智能化,建筑电气设计、智能系统开发、电气设备调试、智能控制、建筑电气软件应用（Revit）
工学,土木类,城市地下空间工程,地下空间设计、施工技术、围岩稳定性分析、地下工程测试、地下工程软件应用（FLAC3D）
工学,土木类,道路桥梁与渡河工程,道路设计、桥梁设计（Midas）、施工技术、工程检测、道路桥梁软件应用
工学,土木类,铁道工程,铁道设计、轨道施工、铁道桥梁设计、铁道维护、铁道软件应用
工学,土木类,智能建造,智能设计（BIM）、智能施工（工业机器人）、智能控制（AI）、智能监测、智能建造软件应用
工学,土木类,土木、水利与海洋工程,土木水利海洋系统设计、施工技术、系统分析、工程测试、跨学科软件应用
工学,土木类,土木、水利与交通工程,土木水利交通系统设计、施工技术、系统优化、工程测试、跨学科软件应用
工学,土木类,城市水系统工程,城市水系统设计、水处理技术、管网优化、水质监测、水系统软件应用
工学,土木类,智能建造与智慧交通,智能建造技术、智慧交通系统、智能控制、数据分析、跨领域软件应用
工学,土木类,工程软件,工程软件设计、工程数据分析、软件开发、软件测试、工程软件应用（CAD/CAE）
工学,水利类,水利水电工程,水利水电设计（AutoCAD）、施工技术、水力计算、工程检测、水利软件应用（HEC-HMS）
工学,水利类,水文与水资源工程,水文分析、水资源评估、水文模型构建、水资源管理、水文软件应用（SWAT）
工学,水利类,港口航道与海岸工程,港口航道设计、海岸工程、施工技术、工程检测、港口软件应用（MIKE）
工学,水利类,水务工程,水务系统设计、水处理技术、水务管理、水质监测、水务软件应用
工学,水利类,水利科学与工程,水利科学研究、水利工程设计、水力计算、工程测试、水利软件应用
工学,水利类,智慧水利,智慧水利系统设计、水利数据智能分析、智能控制、智慧监测、智慧水利软件应用
工学,测绘类,测绘工程,测绘技术（GPS/全站仪）、地图绘制、数据处理、测绘软件应用（CASS）、测绘项目管理
工学,测绘类,遥感科学与技术,遥感数据采集（卫星/无人机）、遥感图像处理（ENVI）、遥感分析、遥感应用开发、遥感软件应用
工学,测绘类,导航工程,导航系统设计、导航技术（GPS/北斗）、导航数据处理、导航测试、导航软件应用
工学,测绘类,地理国情监测,地理国情数据采集、数据分析、监测报告撰写、地理信息应用（GIS）、监测软件应用
工学,测绘类,地理空间信息工程,地理空间信息采集、GIS软件应用、空间数据分析、信息系统开发、空间信息可视化
工学,测绘类,时空信息工程,时空数据采集、时空数据分析、时空系统设计、时空信息应用、时空软件应用
工学,化工与制药类,化学工程与工艺,化工工艺设计、化工设备操作、化工过程控制、化工数据分析、化工软件应用（Aspen Plus）
工学,化工与制药类,制药工程,制药工艺设计、药物合成、制药设备操作、药品质量检测、制药软件应用（Pharmaceutical CAD）
工学,化工与制药类,资源循环科学与工程,资源循环工艺设计、资源回收技术、资源分析、循环系统优化、资源软件应用
工学,化工与制药类,能源化学工程,能源化工工艺、能源转化技术、能源分析、能源系统优化、能源软件应用
工学,化工与制药类,化学工程与工业生物工程,化工生物工艺、生物反应工程、化工生物分析、系统优化、化工生物软件应用
工学,化工与制药类,化工安全工程,化工安全评估、安全系统设计、安全监测、安全应急处置、化工安全软件应用
工学,化工与制药类,涂料工程,涂料配方设计、涂料制备、涂料性能测试、涂料应用、涂料工艺优化
工学,化工与制药类,精细化工,精细化学品合成、精细化工工艺、产品性能测试、精细化工应用、工艺优化
工学,化工与制药类,智能分子工程,分子设计、分子合成、分子性能测试、智能分子应用、分子软件应用（GROMACS）
工学,地质类,地质工程,地质勘察、地质设计、地质施工、地质灾害防治、地质软件应用（FLAC3D）
工学,地质类,勘查技术与工程,勘查技术应用（地震/电法）、勘查数据处理、勘查报告撰写、勘查设备操作、勘查软件应用
工学,地质类,资源勘查工程,资源勘探、资源评估、资源储量计算、资源开发方案、资源软件应用
工学,地质类,地下水科学与工程,地下水勘察、地下水模拟（MODFLOW）、地下水管理、地下水污染防治、地下水软件应用
工学,地质类,旅游地学与规划工程,旅游地学调查、旅游规划设计、旅游资源评估、旅游开发方案、规划软件应用（GIS）
工学,地质类,智能地球探测,智能探测技术、探测数据智能分析、探测系统设计、智能探测设备、探测软件应用
工学,地质类,资源环境大数据工程,资源环境数据采集、大数据处理（Spark）、数据分析、数据可视化、大数据软件应用
工学,矿业类,采矿工程,采矿设计、采矿工艺、矿山设备操作、矿山安全、采矿软件应用（3DMine）
工学,矿业类,石油工程,石油钻井设计、油气开采、石油设备操作、油藏工程、石油软件应用（Eclipse）
工学,矿业类,矿物加工工程,矿物加工工艺、矿物分离技术、加工设备操作、产品质量检测、矿物加工软件应用
工学,矿业类,油气储运工程,油气储运设计、储运设备操作、储运系统维护、油气安全、储运软件应用
工学,矿业类,矿物资源工程,矿物资源评估、资源开发方案、资源循环利用、资源工程设计、资源软件应用
工学,矿业类,海洋油气工程,海洋油气勘探、海洋钻井设计、海洋油气开采、海洋油气设备、海洋油气软件应用
工学,矿业类,智能采矿工程,智能采矿设计、采矿机器人应用、采矿数据智能分析、智能安全监测、采矿软件应用（AI集成）
工学,矿业类,碳储科学与工程,碳捕获技术、碳储存设计、碳监测、碳封存安全评估、碳储软件应用
工学,纺织类,纺织工程,纺织工艺设计、纺织设备操作、纺织品检测、纺织材料应用、纺织软件应用（CAD）
工学,纺织类,服装设计与工程,服装结构设计、服装工艺、服装CAD应用、服装生产管理、服装质量检测
工学,纺织类,非织造材料与工程,非织造材料制备、生产工艺设计、材料性能测试、非织造产品开发、工艺优化
工学,纺织类,服装设计与工艺教育,服装工艺教学、服装课程设计、服装技能培训、服装教学评估、服装工艺优化
工学,纺织类,丝绸设计与工程,丝绸工艺设计、丝绸材料应用、丝绸产品开发、丝绸质量检测、丝绸设计软件应用
工学,轻工类,轻化工程,轻化工工艺设计、产品生产、质量检测、材料应用、轻化软件应用（Aspen Plus）
工学,轻工类,包装工程,包装设计、包装材料应用、包装工艺、包装测试、包装软件应用（CAD）
工学,轻工类,印刷工程,印刷工艺设计、印刷设备操作、印刷质量检测、印刷技术开发、印刷软件应用（PS/AI）
工学,轻工类,香料香精技术与工程,香料香精合成、配方设计、性能测试、应用开发、香料软件应用
工学,轻工类,化妆品技术与工程,化妆品配方设计、生产工艺、质量检测、功效评估、化妆品软件应用
工学,轻工类,生物质能源与材料,生物质能源转化、材料制备、性能测试、应用开发、生物质软件应用
工学,轻工类,生物质技术与工程,生物质加工技术、工程设计、工艺优化、产品开发、生物质数据分析
工学,交通运输类,交通运输,交通系统设计、运输规划、交通数据分析、运输管理、交通软件应用（VISSIM）
工学,交通运输类,交通工程,交通工程设计、交通流分析、交通设施规划、交通安全、交通软件应用（CAD）
工学,交通运输类,航海技术,船舶驾驶、航海设备操作、航海法规应用、航线规划、航海应急处置
工学,交通运输类,轮机工程,船舶动力设备操作、维护维修、轮机管理、船舶安全、轮机软件应用
工学,交通运输类,飞行技术,飞行操作、飞行设备使用、飞行法规应用、航线规划、飞行应急处置
工学,交通运输类,交通设备与控制工程,交通设备设计、控制算法开发、设备调试、系统维护、交通控制软件应用
工学,交通运输类,救助与打捞工程,救助方案设计、打捞技术应用、水下作业、应急处置、救助设备操作
工学,交通运输类,船舶电子电气工程,船舶电子设备设计、电气系统维护、电子控制、船舶电气测试、电气软件应用
工学,交通运输类,轨道交通电气与控制,轨道交通电气设计、控制算法开发、设备调试、系统维护、轨道交通软件应用
工学,交通运输类,邮轮工程与管理,邮轮设施设计、邮轮运营管理、邮轮服务、邮轮安全、邮轮管理软件应用
工学,交通运输类,智慧交通,智慧交通系统设计、交通数据智能分析、智能控制、智慧监测、智慧交通软件应用
工学,交通运输类,智能运输工程,智能运输系统设计、运输数据智能分析、智能调度、智能监测、智能运输软件应用
工学,海洋工程类,船舶与海洋工程,船舶设计（CAD）、海洋工程结构分析、船舶制造、海洋设备操作、海洋工程软件应用（ANSYS）
工学,海洋工程类,海洋工程与技术,海洋工程设计、海洋技术应用、海洋设备操作、海洋数据分析、海洋工程软件应用
工学,海洋工程类,海洋资源开发技术,海洋资源勘探、开发技术应用、资源评估、海洋设备操作、资源开发软件应用
工学,海洋工程类,海洋机器人,海洋机器人设计、控制算法开发、机器人编程、机器人调试、海洋机器人系统集成
工学,海洋工程类,智慧海洋技术,智慧海洋系统设计、海洋数据智能分析、智能监测、智慧海洋软件应用
工学,海洋工程类,智能海洋装备,智能海洋装备设计、智能控制、装备调试、系统集成、智能海洋装备维护
工学,航空航天器类,航空航天工程,航空航天器设计（CAD）、结构分析、动力系统设计、航空航天软件应用（CATIA）
工学,航空航天器类,飞行器设计与工程,飞行器设计、气动分析、结构设计、飞行器软件应用（UG）、设计优化
工学,航空航天器类,飞行器制造工程,飞行器制造工艺、数控加工、质量检测、制造管理、制造软件应用（CAM）
工学,航空航天器类,飞行器动力工程,动力系统设计、发动机调试、性能测试、动力系统维护、动力软件应用（Fluent）
工学,航空航天器类,飞行器环境与生命保障工程,环境控制系统设计、生命保障设备开发、系统调试、环境监测、保障软件应用
工学,航空航天器类,飞行器质量与可靠性,质量检测、可靠性分析、测试方案设计、质量控制、可靠性软件应用
工学,航空航天器类,飞行器适航技术,适航标准应用、适航测试、适航认证、适航分析、适航软件应用
工学,航空航天器类,飞行器控制与信息工程,控制算法开发、信息系统设计、数据处理、控制系统调试、控制软件应用（MATLAB）
工学,航空航天器类,无人驾驶航空器系统工程,无人机设计、控制算法开发、无人机编程、无人机调试、无人机系统集成
工学,航空航天器类,智能飞行器技术,智能飞行器设计、AI控制、自主导航、智能监测、智能飞行器软件应用
工学,航空航天器类,空天智能电推进技术,电推进系统设计、性能测试、智能控制、推进技术开发、推进软件应用
工学,航空航天器类,飞行器运维工程,飞行器维护维修、故障诊断、运维管理、运维数据分析、运维软件应用
工学,兵器类,武器系统与工程,武器系统设计、性能测试、系统集成、武器软件应用（ANSYS）、武器系统维护
工学,兵器类,武器发射工程,发射系统设计、发射工艺、发射控制、发射测试、发射系统维护
工学,兵器类,探测制导与控制技术,探测系统设计、制导算法开发、控制软件应用、系统调试、探测制导系统维护
工学,兵器类,弹药工程与爆炸技术,弹药设计、爆炸技术应用、性能测试、弹药安全、弹药软件应用
工学,兵器类,特种能源技术与工程,特种能源制备、能源系统设计、性能测试、能源应用、特种能源软件应用
工学,兵器类,装甲车辆工程,装甲车辆设计、结构分析、动力系统设计、车辆测试、装甲车辆软件应用（UG）
工学,兵器类,信息对抗技术,信息对抗算法开发、干扰技术应用、防御系统设计、信息分析、信息对抗软件应用
工学,兵器类,智能无人系统技术,无人系统设计、智能控制、自主导航、系统集成、无人系统软件应用
工学,核工程类,核工程与核技术,核反应堆设计、核技术应用、核安全分析、核数据处理、核工程软件应用（MCNP）
工学,核工程类,辐射防护与核安全,辐射防护设计、核安全评估、辐射监测、防护设备操作、核安全软件应用
工学,核工程类,工程物理,工程物理分析、核物理应用、辐射探测、工程设计、工程物理软件应用（Origin）
工学,核工程类,核化工与核燃料工程,核化工工艺设计、核燃料处理、核化工分析、核化工设备操作、核化工软件应用
工学,农业工程类,农业工程,农业工程设计、农业设备开发、农业工艺优化、农业数据分析、农业工程软件应用（CAD）
工学,农业工程类,农业机械化及其自动化,农机设计、农机自动化控制、农机调试、农机维护、农机软件应用（MATLAB）
工学,农业工程类,农业电气化,农业电气设计、电气系统维护、电气控制、农业电气测试、农业电气软件应用
工学,农业工程类,农业建筑环境与能源工程,农业建筑设计、环境控制系统设计、能源应用、系统调试、农业建筑软件应用（Revit）
工学,农业工程类,农业水利工程,农业水利设计、灌溉系统开发、水利设施维护、水利数据分析、农业水利软件应用（AutoCAD）
工学,农业工程类,土地整治工程,土地整治规划、整治工程设计、土壤改良、整治施工、土地整治软件应用（GIS）
工学,农业工程类,农业智能装备工程,智能农机设计、AI控制、自主作业、装备调试、智能农机软件应用
工学,林木工程类,森林工程,森林工程设计、木材运输、森林设备操作、森林资源管理、森林工程软件应用（CAD）
工学,林木工程类,木材科学与工程,木材加工工艺、木材材料分析、木材产品开发、木材质量检测、木材软件应用（ANSYS）
工学,林木工程类,林产化工,林产化工工艺、产品合成、质量检测、林产资源利用、林产化工软件应用
工学,林木工程类,家具设计与工程,家具设计（CAD）、生产工艺、结构分析、家具质量检测、家具设计软件应用（Rhino）
工学,林木工程类,木结构建筑与材料,木结构设计、木材材料应用、建筑施工、结构检测、木结构软件应用（SAP2000）
工学,环境科学与工程类,环境科学与工程,环境监测、污染治理技术、环境影响评价、环境数据分析、环境软件应用（ENVI）
工学,环境科学与工程类,环境工程,环保工程设计、污水处理、大气污染治理、固体废弃物处理、环境工程软件应用（Aspen Plus）
工学,环境科学与工程类,环境科学,环境数据分析、环境监测、环境评价、环境模型构建、环境软件应用（SPSS）
工学,环境科学与工程类,环境生态工程,生态修复方案设计、生态监测、生态评估、生态系统优化、生态软件应用（GIS）
工学,环境科学与工程类,环保设备工程,环保设备设计、设备调试、设备维护、性能测试、环保设备软件应用
工学,环境科学与工程类,资源环境科学,资源环境调查、数据分析、资源评估、环境治理、资源环境软件应用
工学,环境科学与工程类,水质科学与技术,水质监测、水处理技术、水质分析、水质优化、水质软件应用（EPANET）
工学,生物医学工程类,生物医学工程,医疗设备设计、生物信号处理、医疗器械调试、生物医学数据分析、生物医学软件应用（MATLAB）
工学,生物医学工程类,假肢矫形工程,假肢矫形器设计、适配调试、材料应用、性能测试、假肢矫形软件应用
工学,生物医学工程类,临床工程技术,临床设备维护、设备调试、临床技术应用、医疗数据分析、临床工程软件应用
工学,生物医学工程类,康复工程,康复设备设计、康复方案制定、设备调试、康复数据分析、康复软件应用
工学,生物医学工程类,健康科学与技术,健康监测设备开发、健康数据分析、健康管理、健康技术应用、健康软件应用
工学,食品科学与工程类,食品科学与工程,食品工艺设计、食品加工、质量检测、食品研发、食品软件应用（Aspen Plus）
工学,食品科学与工程类,食品质量与安全,食品检测、安全评估、质量控制、食品安全法规应用、食品检测软件应用
工学,食品科学与工程类,粮食工程,粮食加工工艺、仓储技术、质量检测、粮食资源利用、粮食工程软件应用
工学,食品科学与工程类,乳品工程,乳品加工工艺、乳品研发、质量检测、乳品设备操作、乳品软件应用
工学,食品科学与工程类,酿酒工程,酿酒工艺设计、酿酒技术、质量检测、酿酒设备操作、酿酒软件应用
工学,食品科学与工程类,葡萄与葡萄酒工程,葡萄种植、葡萄酒酿造、质量检测、葡萄酒研发、葡萄酒软件应用
工学,食品科学与工程类,食品营养与检验教育,食品营养教学、检验课程设计、技能培训、教学评估、食品检验技术
工学,食品科学与工程类,烹饪与营养教育,烹饪教学、营养课程设计、烹饪技能培训、教学评估、营养配餐设计
工学,食品科学与工程类,食品安全与检测,食品检测技术、安全评估、检测设备操作、检测数据分析、检测软件应用
工学,食品科学与工程类,食品营养与健康,营养分析、健康评估、营养配餐、健康管理、营养软件应用
工学,食品科学与工程类,食用菌科学与工程,食用菌培育、加工工艺、质量检测、研发、食用菌软件应用
工学,食品科学与工程类,白酒酿造工程,白酒酿造工艺、酿酒技术、质量检测、白酒研发、酿酒软件应用
工学,食品科学与工程类,咖啡科学与工程,咖啡种植、加工工艺、品质鉴定、咖啡研发、咖啡软件应用
工学,建筑类,建筑学,建筑设计（CAD/SketchUp）、方案设计、施工图绘制、建筑软件应用（V-Ray）、建筑法规应用
工学,建筑类,城乡规划,城乡规划设计、空间分析、规划方案制定、规划软件应用（GIS）、规划法规应用
工学,建筑类,风景园林,景观设计、植物配置、景观施工图绘制、景观软件应用（Lumion）、景观规划
工学,建筑类,历史建筑保护工程,历史建筑修复、保护方案设计、建筑检测、历史建筑软件应用、保护法规应用
工学,建筑类,人居环境科学与技术,人居环境设计、环境分析、优化方案、人居软件应用、环境技术应用
工学,建筑类,城市设计,城市空间设计、方案制定、城市分析、城市设计软件应用、设计法规应用
工学,建筑类,智慧建筑与建造,智慧建筑设计（BIM）、智能建造技术、智能控制、智慧监测、智慧建筑软件应用
工学,安全科学与工程类,安全工程,安全评估、安全方案设计、安全监测、安全应急处置、安全软件应用（SAFETY）
工学,安全科学与工程类,应急技术与管理,应急方案设计、应急技术应用、应急管理、应急数据分析、应急软件应用
工学,安全科学与工程类,职业卫生工程,职业卫生检测、防护设计、卫生评估、职业健康管理、卫生软件应用
工学,安全科学与工程类,安全生产监管,安全监管法规应用、监管方案制定、隐患排查、监管数据分析、监管软件应用
工学,安全科学与工程类,智慧应急,智慧应急系统设计、应急数据智能分析、智能监测、应急调度、智慧应急软件应用
工学,生物工程类,生物工程,生物发酵技术、生物反应工程、生物产品研发、生物数据分析、生物工程软件应用（MATLAB）
工学,生物工程类,生物制药,药物研发、生物制药工艺、质量检测、制药设备操作、生物制药软件应用
工学,生物工程类,合成生物学,基因合成、代谢工程、合成生物设计、数据分析、合成生物学软件应用
工学,公安技术类,刑事科学技术,刑事技术鉴定、物证分析、侦查技术应用、鉴定报告撰写、刑事技术软件应用
工学,公安技术类,消防工程,消防工程设计、消防设备操作、火灾扑救、消防安全评估、消防软件应用（FDS）
工学,公安技术类,交通管理工程,交通管理法规应用、交通秩序管理、交通数据分析、交通管理软件应用
工学,公安技术类,安全防范工程,安防系统设计、安防设备调试、安防监测、安防方案制定、安防软件应用
工学,公安技术类,公安视听技术,视听证据采集、视频分析、音频处理、视听技术应用、视听软件应用（PR/AE）
工学,公安技术类,抢险救援指挥与技术,救援指挥、救援技术应用、应急处置、救援设备操作、救援软件应用
工学,公安技术类,火灾勘查,火灾现场勘查、痕迹提取、火灾原因分析、勘查报告撰写、火灾勘查软件应用
工学,公安技术类,网络安全与执法,网络安全防护、网络侦查、黑客技术防御、网络执法、网络安全软件应用
工学,公安技术类,核生化消防,核生化防护、消防处置、检测设备操作、核生化分析、核生化软件应用
工学,公安技术类,海警舰艇指挥与技术,舰艇指挥、舰艇技术应用、海上执法、舰艇设备操作、舰艇软件应用
工学,公安技术类,数据警务技术,警务数据采集、数据分析、数据可视化、数据安全、数据警务软件应用
工学,公安技术类,食品药品环境犯罪侦查技术,犯罪侦查技术、食品药品检测、环境监测、侦查数据分析、侦查软件应用
工学,交叉工程类,未来机器人,机器人创新设计、AI控制、自主学习、系统集成、未来机器人软件应用
工学,交叉工程类,交叉工程,跨学科工程设计、多领域技术融合、系统优化、交叉数据分析、交叉工程软件应用
工学,交叉工程类,低空技术与工程,低空飞行器设计、低空飞行控制、低空监测、低空技术应用、低空软件应用
工学,交叉工程类,集成电路科学与工程,集成电路设计、芯片制造、芯片测试、集成电路软件应用（Cadence）、芯片系统集成
工学,交叉工程类,碳中和科学与工程,碳中和方案设计、碳减排技术、碳监测、碳中和数据分析、碳中和软件应用
工学,交叉工程类,智慧城市与空间规划,智慧城市设计、空间规划、数据智能分析、智慧城市软件应用（GIS）、规划优化
农学,植物生产类,农学,作物种植、育种技术、田间试验、农业数据分析、农学软件应用（DSSAT）
农学,植物生产类,园艺,园艺植物种植、育种、园艺设计、病虫害防治、园艺软件应用
农学,植物生产类,植物保护,植物病虫害识别、防治技术、农药应用、病虫害监测、植物保护软件应用
农学,植物生产类,植物科学与技术,植物研究、植物技术应用、植物数据分析、植物资源利用、植物科学软件应用
农学,植物生产类,种子科学与工程,种子培育、种子加工、种子质量检测、种子资源管理、种子软件应用
农学,植物生产类,设施农业科学与工程,设施设计、设施种植、环境调控、设施农业软件应用、设施优化
农学,植物生产类,茶学,茶叶种植、加工工艺、品质鉴定、茶叶研发、茶叶软件应用
农学,植物生产类,烟草,烟草种植、加工工艺、质量检测、烟草研发、烟草软件应用
农学,植物生产类,应用生物科学,生物应用技术、生物实验、数据分析、生物资源利用、生物软件应用
农学,植物生产类,农艺教育,农艺教学、课程设计、技能培训、教学评估、农艺技术推广
农学,植物生产类,园艺教育,园艺教学、课程设计、技能培训、教学评估、园艺技术推广
农学,植物生产类,智慧农业,智能种植技术、农业数据智能分析、AI控制、智慧监测、智慧农业软件应用
农学,植物生产类,菌物科学与工程,菌物培育、加工工艺、质量检测、研发、菌物软件应用
农学,植物生产类,农药化肥,农药化肥研发、应用技术、质量检测、环境评估、农药化肥软件应用
农学,植物生产类,生物农药科学与工程,生物农药研发、生产工艺、质量检测、应用技术、生物农药软件应用
农学,植物生产类,生物育种科学,育种理论应用、分子育种技术、育种数据分析、育种软件应用、育种实验设计
农学,植物生产类,生物育种技术,育种技术应用、种子培育、质量检测、育种工艺优化、育种软件应用
农学,自然保护与环境生态类,农业资源与环境,农业资源调查、环境评估、资源利用、数据分析、农业资源软件应用（GIS）
农学,自然保护与环境生态类,野生动物与自然保护区管理,野生动物保护、保护区管理、监测技术、保护方案设计、保护区软件应用
农学,自然保护与环境生态类,水土保持与荒漠化防治,水土保持技术、荒漠化治理、监测、方案设计、水土保持软件应用（GIS）
农学,自然保护与环境生态类,生物质科学与工程,生物质资源利用、生物质技术、数据分析、生物质应用开发、生物质软件应用
农学,自然保护与环境生态类,土地科学与技术,土地调查、土地评估、土地利用、土地技术应用、土地软件应用（GIS）
农学,自然保护与环境生态类,湿地保护与恢复,湿地调查、保护方案设计、恢复技术、监测、湿地软件应用（GIS）
农学,自然保护与环境生态类,国家公园建设与管理,公园规划、建设管理、保护监测、国家公园软件应用、管理法规应用
农学,自然保护与环境生态类,生态修复学,生态调查、修复方案设计、修复技术、监测、生态修复软件应用（GIS）
农学,动物生产类,动物科学,动物养殖、育种技术、饲料配方、动物数据分析、动物科学软件应用（Herdsman）
农学,动物生产类,蚕学,蚕养殖、蚕种培育、蚕丝加工、蚕病防治、蚕学软件应用
农学,动物生产类,蜂学,蜜蜂养殖、蜂产品加工、病虫害防治、蜂学技术应用、蜂学软件应用
农学,动物生产类,经济动物学,经济动物养殖、育种、产品加工、养殖技术、经济动物软件应用
农学,动物生产类,马业科学,马养殖、马术训练、马病防治、马业管理、马业软件应用
农学,动物生产类,饲料工程,饲料配方设计、生产工艺、质量检测、饲料研发、饲料软件应用
农学,动物生产类,智慧牧业科学与工程,智能养殖技术、牧业数据智能分析、AI控制、智慧监测、智慧牧业软件应用
农学,动物医学类,动物医学,动物疾病诊断、治疗技术、疫苗应用、动物检疫、动物医学软件应用（VetScan）
农学,动物医学类,动物药学,兽药研发、兽药生产、质量检测、兽药应用、动物药学软件应用
农学,动物医学类,动植物检疫,动植物检疫技术、疫病检测、检疫法规应用、检疫报告撰写、检疫软件应用
农学,动物医学类,实验动物学,实验动物养殖、动物实验设计、动物福利、实验数据分析、实验动物软件应用
农学,动物医学类,中兽医学,中兽医诊断、中药应用、针灸治疗、中兽医技术推广、中兽医软件应用
农学,动物医学类,兽医公共卫生,公共卫生监测、疫病防控、食品安全、卫生评估、兽医公共卫生软件应用
农学,林学类,林学,森林培育、森林资源管理、森林防火、林业数据分析、林学软件应用（GIS）
农学,林学类,园林,园林植物种植、景观设计、园林施工、园林养护、园林软件应用（CAD）
农学,林学类,森林保护,森林病虫害防治、森林防火、森林监测、保护技术、森林保护软件应用
农学,林学类,经济林,经济林培育、产品加工、质量检测、经济林管理、经济林软件应用
农学,林学类,智慧林业,智能森林监测、林业数据智能分析、AI控制、智慧管理、智慧林业软件应用
农学,水产类,水产养殖学,水产养殖技术、苗种培育、水质调控、养殖数据分析、水产软件应用（AquacultureDB）
农学,水产类,海洋渔业科学与技术,海洋渔业资源调查、捕捞技术、渔业管理、渔业数据分析、海洋渔业软件应用
农学,水产类,水族科学与技术,水族养殖、水族景观设计、病害防治、水族管理、水族软件应用
农学,水产类,水生动物医学,水生动物疾病诊断、治疗、检疫、疫苗应用、水生动物医学软件应用
农学,草学类,草业科学,牧草种植、草原管理、牧草加工、草原监测、草业软件应用（GIS）
农学,草学类,草坪科学与工程,草坪种植、草坪养护、草坪设计、草坪施工、草坪软件应用（CAD）
医学,基础医学类,基础医学,医学实验设计、人体解剖、生理生化分析、医学数据分析、基础医学软件应用（ImageJ）
医学,基础医学类,生物医学,生物医学实验、分子生物学技术、数据分析、生物医学软件应用、生物医学研发
医学,基础医学类,生物医学科学,医学科研设计、生物医学分析、数据处理、科研软件应用、生物医学创新
医学,临床医学类,临床医学,临床诊断、治疗技术、手术操作、病历书写、临床软件应用（电子病历系统）
医学,临床医学类,麻醉学,麻醉操作、麻醉监测、疼痛治疗、麻醉软件应用、麻醉应急处置
医学,临床医学类,医学影像学,影像检查、影像诊断、影像设备操作、影像报告撰写、影像软件应用（PACS）
医学,临床医学类,眼视光医学,视力检测、屈光矫正、眼病诊断、视功能训练、眼视光软件应用
医学,临床医学类,精神医学,精神疾病诊断、治疗、心理干预、病历书写、精神医学软件应用
医学,临床医学类,放射医学,放射检查、放射治疗、辐射防护、放射报告撰写、放射软件应用
医学,临床医学类,儿科学,儿科诊断、治疗、儿童保健、病历书写、儿科软件应用
医学,口腔医学类,口腔医学,口腔诊断、口腔治疗、手术操作、病历书写、口腔软件应用（CAD/CAM）
医学,公共卫生与预防医学类,预防医学,公共卫生监测、流行病学调查、疫苗接种、卫生评估、预防医学软件应用（EpiData）
医学,公共卫生与预防医学类,食品卫生与营养学,营养分析、食品卫生检测、营养配餐、健康管理、营养软件应用
医学,公共卫生与预防医学类,妇幼保健医学,妇幼保健、疾病预防、健康指导、妇幼数据分析、妇幼保健软件应用
医学,公共卫生与预防医学类,卫生监督,卫生法规应用、监督检查、违法处置、监督数据分析、卫生监督软件应用
医学,公共卫生与预防医学类,全球健康学,全球健康监测、国际卫生合作、健康政策分析、全球健康软件应用
医学,公共卫生与预防医学类,运动与公共健康,运动健康监测、健身指导、运动损伤预防、健康数据分析、运动健康软件应用
医学,中医学类,中医学,中医诊断、中药应用、针灸治疗、病历书写、中医软件应用（中医诊疗系统）
医学,中医学类,针灸推拿学,针灸操作、推拿治疗、经络辨证、针灸推拿软件应用、康复指导
医学,中医学类,藏医学,藏医诊断、藏药应用、藏医治疗、病历书写、藏医学软件应用
医学,中医学类,蒙医学,蒙医诊断、蒙药应用、蒙医治疗、病历书写、蒙医学软件应用
医学,中医学类,维医学,维医诊断、维药应用、维医治疗、病历书写、维医学软件应用
医学,中医学类,壮医学,壮医诊断、壮药应用、壮医治疗、病历书写、壮医学软件应用
医学,中医学类,哈医学,哈医诊断、哈药应用、哈医治疗、病历书写、哈医学软件应用
医学,中医学类,傣医学,傣医诊断、傣药应用、傣医治疗、病历书写、傣医学软件应用
医学,中医学类,回医学,回医诊断、回药应用、回医治疗、病历书写、回医学软件应用
医学,中医学类,中医康复学,中医康复诊断、康复治疗、康复方案设计、康复软件应用、康复指导
医学,中医学类,中医养生学,中医养生诊断、养生方案设计、养生指导、养生软件应用、健康管理
医学,中医学类,中医儿科学,儿科中医诊断、治疗、儿童保健、病历书写、中医儿科软件应用
医学,中医学类,中医骨伤科学,骨伤诊断、复位治疗、中药应用、病历书写、中医骨伤软件应用
医学,中西医结合类,中西医临床医学,中西医诊断、中西医结合治疗、手术操作、病历书写、中西医软件应用
医学,药学类,药学,药物研发、药物分析、制剂工艺、药品质量检测、药学软件应用（ChemDraw）
医学,药学类,药物制剂,制剂设计、生产工艺、质量检测、制剂研发、制剂软件应用（PharmCAD）
医学,药学类,临床药学,临床用药指导、药物监测、处方审核、临床数据分析、临床药学软件应用
医学,药学类,药事管理,药事法规应用、药品管理、药品流通、药事数据分析、药事管理软件应用
医学,药学类,药物分析,药物检测、分析方法开发、数据分析、检测软件应用、药物质量评估
医学,药学类,药物化学,药物合成、结构分析、药物研发、化学软件应用（Gaussian）、药物优化
医学,药学类,海洋药学,海洋药物研发、提取工艺、质量检测、海洋药学分析、海洋药学软件应用
医学,药学类,化妆品科学与技术,化妆品研发、配方设计、质量检测、功效评估、化妆品软件应用
医学,药学类,药物经济与管理,药物经济分析、药品管理、医保政策应用、数据分析、药物经济软件应用
医学,中药学类,中药学,中药鉴定、中药炮制、中药制剂、中药研发、中药学软件应用（中药方剂系统）
医学,中药学类,中药资源与开发,中药资源调查、提取工艺、质量检测、资源管理、中药软件应用
医学,中药学类,藏药学,藏药鉴定、炮制、制剂、研发、藏药学软件应用
医学,中药学类,蒙药学,蒙药鉴定、炮制、制剂、研发、蒙药学软件应用
医学,中药学类,中药制药,中药制剂工艺、生产管理、质量检测、中药研发、中药制药软件应用
医学,中药学类,中草药栽培与鉴定,中草药种植、鉴定、加工、质量检测、中草药软件应用
医学,法医学类,法医学,法医鉴定、尸体解剖、物证分析、鉴定报告撰写、法医学软件应用（ImageJ）
医学,医学技术类,医学检验技术,医学检验、数据分析、检验设备操作、检验报告撰写、检验软件应用（LIS）
医学,医学技术类,医学实验技术,医学实验设计、实验操作、数据分析、实验报告撰写、实验软件应用
医学,医学技术类,医学影像技术,影像设备操作、影像检查、影像处理、报告撰写、影像软件应用（PACS）
医学,医学技术类,眼视光学,视力检测、屈光矫正、视功能训练、眼镜配制、眼视光软件应用
医学,医学技术类,康复治疗学,康复评估、治疗技术、康复方案设计、康复软件应用、康复指导
医学,医学技术类,口腔医学技术,口腔修复、义齿制作、口腔模型设计、口腔技术应用、口腔软件应用（CAD/CAM）
医学,医学技术类,卫生检验与检疫,卫生检测、检疫技术、数据分析、报告撰写、检测软件应用
医学,医学技术类,听力与言语康复学,听力检测、言语评估、康复治疗、康复方案设计、康复软件应用
医学,医学技术类,康复物理治疗,物理治疗评估、治疗技术、康复方案设计、物理治疗软件应用、康复指导
医学,医学技术类,康复作业治疗,作业治疗评估、治疗技术、康复方案设计、作业治疗软件应用、康复指导
医学,医学技术类,智能医学工程,智能医疗设备开发、医疗数据分析、AI诊断、智能监测、智能医学软件应用
医学,医学技术类,生物医药数据科学,生物医药数据采集、数据分析、数据可视化、数据安全、生物医药软件应用
医学,医学技术类,智能影像工程,智能影像设备开发、影像数据分析、AI诊断、智能监测、智能影像软件应用
医学,医学技术类,医工学,医疗工程设计、医疗设备开发、设备调试、医疗数据分析、医工软件应用
医学,医学技术类,医疗器械与装备工程,医疗器械设计、装备开发、设备调试、质量检测、医疗器械软件应用
医学,医学技术类,健康与医疗保障,健康管理、医保政策应用、保障方案设计、数据分析、健康保障软件应用
医学,医学技术类,老年医学与健康,老年健康评估、健康管理、康复指导、数据分析、老年健康软件应用
医学,护理学类,护理学,护理操作、病情观察、护理文书书写、健康教育、护理软件应用（护理信息系统）
医学,护理学类,助产学,助产操作、产科护理、母婴保健、助产文书书写、助产软件应用
管理学,管理科学与工程类,管理科学,管理模型构建、数据分析、决策优化、管理软件应用（MATLAB）、管理方案设计
管理学,管理科学与工程类,信息管理与信息系统,信息系统设计、数据管理、系统开发、信息分析、信息管理软件应用（ERP）
管理学,管理科学与工程类,工程管理,工程项目管理、成本控制、进度管理、工程软件应用（Primavera P6）、工程决策
管理学,管理科学与工程类,房地产开发与管理,房地产项目开发、营销管理、物业管理、房地产数据分析、房地产软件应用
管理学,管理科学与工程类,工程造价,工程计价、成本核算、预算编制、造价软件应用（广联达）、造价审核
管理学,管理科学与工程类,保密管理,保密法规应用、保密方案设计、保密监测、保密管理、保密软件应用
管理学,管理科学与工程类,邮政管理,邮政运营管理、邮政网络优化、邮政数据分析、邮政软件应用、邮政服务管理
管理学,管理科学与工程类,大数据管理与应用,大数据采集、数据分析、数据可视化、数据管理、大数据软件应用（Hadoop）
管理学,管理科学与工程类,工程审计,工程审计、财务审核、审计报告撰写、审计软件应用、审计法规应用
管理学,管理科学与工程类,计算金融,金融计算、风险评估、投资分析、计算金融软件应用（MATLAB）、金融决策
管理学,管理科学与工程类,应急管理,应急方案设计、应急处置、应急管理、应急数据分析、应急软件应用
管理学,工商管理类,工商管理,企业管理、营销策划、人力资源管理、财务分析、工商管理软件应用（ERP）
管理学,工商管理类,市场营销,市场调研、营销策划、品牌推广、营销数据分析、营销软件应用（CRM）
管理学,工商管理类,会计学,会计核算、财务报表编制、税务处理、会计软件应用（用友/金蝶）、财务分析
管理学,工商管理类,财务管理,财务预算、资金管理、投融资决策、财务分析、财务软件应用（SAP）
管理学,工商管理类,国际商务,跨境贸易管理、国际营销、外贸流程、国际商务软件应用、跨境结算
管理学,工商管理类,人力资源管理,人力资源规划、招聘、培训、绩效评估、HR软件应用（SAP HR）
管理学,工商管理类,审计学,审计核算、审计报告撰写、内控评估、审计软件应用（ACL）、审计法规应用
管理学,工商管理类,资产评估,资产估值、评估报告撰写、评估法规应用、评估软件应用、资产评估分析
管理学,工商管理类,物业管理,物业运营管理、设施维护、客户服务、物业数据分析、物业软件应用
管理学,工商管理类,文化产业管理,文化项目策划、产业运营、文化营销、文化数据分析、文化产业软件应用
管理学,工商管理类,劳动关系,劳动合同管理、薪酬设计、劳动纠纷处理、劳动关系软件应用、劳动法规应用
管理学,工商管理类,体育经济与管理,体育项目策划、体育营销、体育产业管理、体育数据分析、体育管理软件应用
管理学,工商管理类,财务会计教育,会计教学、课程设计、技能培训、教学评估、会计软件应用
管理学,工商管理类,市场营销教育,营销教学、课程设计、技能培训、教学评估、营销软件应用
管理学,工商管理类,零售业管理,零售运营管理、库存管理、营销策划、零售数据分析、零售软件应用（POS）
管理学,工商管理类,创业管理,创业项目策划、融资、运营管理、创业数据分析、创业软件应用
管理学,工商管理类,海关稽查,海关法规应用、稽查方案设计、稽查数据分析、稽查报告撰写、海关软件应用
管理学,工商管理类,内部审计,内部审计、内控评估、审计报告撰写、审计软件应用、内部审计法规应用
管理学,农业经济管理类,农林经济管理,农林项目管理、产业分析、政策应用、农林数据分析、农林管理软件应用
管理学,农业经济管理类,农村区域发展,农村规划、产业开发、政策应用、农村数据分析、农村发展软件应用
管理学,农业经济管理类,乡村治理,乡村治理方案设计、政策应用、治理数据分析、乡村管理、乡村治理软件应用
管理学,公共管理类,公共事业管理,公共项目管理、政策应用、公共服务、公共数据分析、公共管理软件应用
管理学,公共管理类,行政管理,行政办公、政策应用、公文处理、行政数据分析、行政软件应用
管理学,公共管理类,劳动与社会保障,社保政策应用、社保管理、薪酬设计、社保数据分析、社保软件应用
管理学,公共管理类,土地资源管理,土地规划、土地评估、土地管理、土地数据分析、土地软件应用（GIS）
管理学,公共管理类,城市管理,城市规划、城市服务、城市数据分析、城市管理软件应用、城市法规应用
管理学,公共管理类,海关管理,海关法规应用、通关管理、海关数据分析、海关软件应用、海关监管
管理学,公共管理类,交通管理,交通法规应用、交通管理、交通数据分析、交通软件应用、交通服务
管理学,公共管理类,海事管理,海事法规应用、海事管理、海事数据分析、海事软件应用、海事服务
管理学,公共管理类,公共关系学,公关策划、危机处理、品牌推广、公关数据分析、公关软件应用
管理学,公共管理类,健康服务与管理,健康管理、健康服务、健康数据分析、健康软件应用、健康政策应用
管理学,公共管理类,海警后勤管理,后勤保障、物资管理、后勤数据分析、后勤软件应用、后勤服务
管理学,公共管理类,医疗产品管理,医疗产品运营、质量管理、营销策划、医疗数据分析、医疗软件应用
管理学,公共管理类,医疗保险,医保政策应用、医保管理、医保数据分析、医保软件应用、医保服务
管理学,公共管理类,养老服务管理,养老服务、养老管理、养老数据分析、养老软件应用、养老政策应用
管理学,公共管理类,海关检验检疫安全,检验检疫法规应用、安全监管、数据分析、检验检疫软件应用、安全服务
管理学,公共管理类,海外安全管理,海外安全风险评估、安全方案设计、安全管理、安全数据分析、安全软件应用
管理学,公共管理类,自然资源登记与管理,资源登记、资源管理、资源数据分析、资源软件应用（GIS）、资源法规应用
管理学,公共管理类,慈善管理,慈善项目策划、资金管理、慈善服务、慈善数据分析、慈善软件应用
管理学,公共管理类,航空安防管理,航空安防法规应用、安防管理、安防数据分析、安防软件应用、安防服务
管理学,公共管理类,无障碍管理,无障碍设施管理、无障碍服务、无障碍数据分析、无障碍软件应用、无障碍政策应用
管理学,公共管理类,人才发展与管理,人才规划、人才培训、人才评估、人才数据分析、人才管理软件应用
管理学,图书情报与档案管理类,图书馆学,图书分类、读者服务、图书馆管理、图书数据分析、图书馆软件应用（ILAS）
管理学,图书情报与档案管理类,档案学,档案整理、档案管理、档案利用、档案数据分析、档案软件应用（档案管理系统）
管理学,图书情报与档案管理类,信息资源管理,信息资源整合、信息管理、信息服务、信息数据分析、信息管理软件应用
管理学,物流管理与工程类,物流管理,物流规划、仓储管理、运输调度、物流数据分析、物流软件应用（WMS）
管理学,物流管理与工程类,物流工程,物流系统设计、物流设施规划、物流优化、物流数据分析、物流软件应用（FlexSim）
管理学,物流管理与工程类,采购管理,采购策划、供应商管理、采购数据分析、采购软件应用、采购法规应用
管理学,物流管理与工程类,供应链管理,供应链规划、库存管理、供应链优化、供应链数据分析、供应链软件应用（SAP SCM）
管理学,工业工程类,工业工程,生产流程优化、效率提升、质量控制、工业数据分析、工业软件应用（IE软件）
管理学,工业工程类,标准化工程,标准制定、标准应用、标准化管理、标准化数据分析、标准化软件应用
管理学,工业工程类,质量管理工程,质量控制、质量检测、质量体系构建、质量数据分析、质量软件应用（SPC）
管理学,电子商务类,电子商务,电商运营、网络营销、电商数据分析、电商软件应用（淘宝/京东后台）、电商物流
管理学,电子商务类,电子商务及法律,电商运营、电商法规应用、法律维权、电商数据分析、电商软件应用
管理学,电子商务类,跨境电子商务,跨境电商运营、跨境物流、跨境支付、跨境数据分析、跨境电商软件应用
管理学,旅游管理类,旅游管理,旅游策划、景区管理、旅游服务、旅游数据分析、旅游软件应用（OTA平台）
管理学,旅游管理类,酒店管理,酒店运营、客户服务、酒店营销、酒店数据分析、酒店软件应用（PMS）
管理学,旅游管理类,会展经济与管理,会展策划、会展运营、会展营销、会展数据分析、会展软件应用
管理学,旅游管理类,旅游管理与服务教育,旅游教学、课程设计、技能培训、教学评估、旅游软件应用
管理学,旅游管理类,国际邮轮管理,邮轮运营、客户服务、邮轮营销、邮轮数据分析、邮轮软件应用
艺术学,艺术学理论类,艺术史论,艺术史研究、艺术理论分析、艺术批评、艺术文献解读、艺术史软件应用
艺术学,艺术学理论类,艺术管理,艺术项目策划、艺术营销、艺术机构管理、艺术数据分析、艺术管理软件应用
艺术学,艺术学理论类,非物质文化遗产保护,非遗调查、保护方案设计、非遗传承、非遗数据分析、非遗软件应用
艺术学,音乐与舞蹈学类,音乐表演,乐器演奏、声乐演唱、舞台表演、音乐表达、音乐软件应用（Logic Pro）
艺术学,音乐与舞蹈学类,音乐学,音乐理论研究、音乐教育、音乐分析、音乐文献解读、音乐软件应用
艺术学,音乐与舞蹈学类,作曲与作曲技术理论,作曲、配器、音乐制作、作曲软件应用（Cubase）、音乐创新
艺术学,音乐与舞蹈学类,舞蹈表演,舞蹈技巧、舞台表演、舞蹈表达、舞蹈编排、舞蹈软件应用
艺术学,音乐与舞蹈学类,舞蹈学,舞蹈理论研究、舞蹈教育、舞蹈分析、舞蹈文献解读、舞蹈软件应用
艺术学,音乐与舞蹈学类,舞蹈编导,舞蹈编排、创意设计、舞蹈制作、编导软件应用、舞蹈创新
艺术学,音乐与舞蹈学类,舞蹈教育,舞蹈教学、课程设计、技能培训、教学评估、舞蹈软件应用
艺术学,音乐与舞蹈学类,航空服务艺术与管理,航空服务、礼仪表演、服务管理、航空软件应用、航空服务艺术
艺术学,音乐与舞蹈学类,流行音乐,流行音乐演唱、乐器演奏、音乐制作、流行音乐软件应用（FL Studio）、流行音乐创新
艺术学,音乐与舞蹈学类,音乐治疗,音乐治疗评估、治疗方案设计、音乐应用、治疗软件应用、治疗指导
艺术学,音乐与舞蹈学类,流行舞蹈,流行舞蹈技巧、舞台表演、舞蹈编排、流行舞蹈软件应用、流行舞蹈创新
艺术学,音乐与舞蹈学类,音乐教育,音乐教学、课程设计、技能培训、教学评估、音乐软件应用
艺术学,音乐与舞蹈学类,冰雪舞蹈表演,冰雪舞蹈技巧、舞台表演、舞蹈编排、冰雪舞蹈创新、舞蹈软件应用
艺术学,音乐与舞蹈学类,舞蹈治疗,舞蹈治疗评估、治疗方案设计、舞蹈应用、治疗软件应用、治疗指导
艺术学,音乐与舞蹈学类,音乐科技,音乐技术开发、音乐制作、音乐软件应用、音乐科技创新、音乐数据分析
艺术学,戏剧与影视学类,表演,影视表演、舞台表演、角色塑造、表演技巧、表演软件应用（后期制作）
艺术学,戏剧与影视学类,戏剧学,戏剧理论研究、戏剧评论、戏剧文献解读、戏剧分析、戏剧软件应用
艺术学,戏剧与影视学类,电影学,电影理论研究、电影评论、电影分析、电影文献解读、电影软件应用
艺术学,戏剧与影视学类,戏剧影视文学,剧本创作、文学改编、影视评论、写作技巧、编剧软件应用（Final Draft）
艺术学,戏剧与影视学类,广播电视编导,节目策划、编导、后期制作、编导软件应用（PR/AE）、创意设计
艺术学,戏剧与影视学类,戏剧影视导演,导演创作、镜头语言、现场调度、导演软件应用、导演创新
艺术学,戏剧与影视学类,戏剧影视美术设计,美术设计、场景搭建、造型设计、设计软件应用（PS/3D Max）、创意设计
艺术学,戏剧与影视学类,录音艺术,音频录制、混音、音效设计、录音软件应用（Pro Tools）、音频创新
艺术学,戏剧与影视学类,播音与主持艺术,播音主持、语言表达、节目策划、播音软件应用、主持创新
艺术学,戏剧与影视学类,动画,动画制作、角色设计、场景设计、动画软件应用（Maya/Animate）、动画创新
艺术学,戏剧与影视学类,影视摄影与制作,影视拍摄、摄影技巧、后期制作、摄影软件应用（PR/AE）、影视创新
艺术学,戏剧与影视学类,影视技术,影视技术开发、设备操作、后期制作、影视软件应用、技术创新
艺术学,戏剧与影视学类,戏剧教育,戏剧教学、课程设计、技能培训、教学评估、戏剧软件应用
艺术学,戏剧与影视学类,曲艺,曲艺表演、剧本创作、曲艺技巧、曲艺创新、曲艺软件应用
艺术学,戏剧与影视学类,音乐剧,音乐剧表演、歌舞编排、剧本创作、音乐剧创新、音乐剧软件应用
艺术学,戏剧与影视学类,数字戏剧,数字戏剧创作、技术应用、后期制作、数字软件应用、数字创新
艺术学,戏剧与影视学类,数字演艺设计,演艺设计、技术应用、后期制作、数字软件应用、演艺创新
艺术学,戏剧与影视学类,智能影像艺术,智能影像创作、AI技术应用、后期制作、智能软件应用、影像创新
艺术学,美术学类,美术学,美术创作、美术理论、美术批评、美术软件应用（PS/Procreate）、美术创新
艺术学,美术学类,绘画,绘画创作、绘画技巧、色彩运用、绘画软件应用、绘画创新
艺术学,美术学类,雕塑,雕塑创作、雕塑技巧、材料应用、雕塑软件应用（ZBrush）、雕塑创新
艺术学,美术学类,摄影,摄影创作、摄影技巧、后期处理、摄影软件应用（LR/PS）、摄影创新
艺术学,美术学类,书法学,书法创作、书法技巧、碑帖研究、书法软件应用、书法创新
艺术学,美术学类,中国画,国画创作、笔墨技巧、构图设计、国画软件应用、国画创新
艺术学,美术学类,实验艺术,实验艺术创作、材料应用、创意设计、实验软件应用、艺术创新
艺术学,美术学类,跨媒体艺术,跨媒体创作、技术应用、创意设计、跨媒体软件应用、艺术创新
艺术学,美术学类,文物保护与修复,文物修复、保护技术、材料应用、修复软件应用、文物创新
艺术学,美术学类,漫画,漫画创作、角色设计、分镜设计、漫画软件应用（SAI/PS）、漫画创新
艺术学,美术学类,纤维艺术,纤维艺术创作、材料应用、创意设计、纤维软件应用、艺术创新
艺术学,美术学类,科技艺术,科技艺术创作、技术应用、创意设计、科技软件应用、艺术创新
艺术学,美术学类,美术教育,美术教学、课程设计、技能培训、教学评估、美术软件应用
艺术学,美术学类,虚拟空间艺术,虚拟空间设计、技术应用、创意设计、虚拟软件应用（Unity/Unreal）、艺术创新
艺术学,设计学类,艺术设计学,设计理论、设计批评、设计分析、设计软件应用、设计创新
艺术学,设计学类,视觉传达设计,视觉设计、创意创作、设计软件应用（PS/AI）、设计创新、品牌设计
艺术学,设计学类,环境设计,环境设计、空间规划、设计软件应用（CAD/3D Max）、设计创新、景观设计
艺术学,设计学类,产品设计,产品设计、创意创作、设计软件应用（Rhino/KeyShot）、设计创新、用户体验设计
艺术学,设计学类,服装与服饰设计,服装设计、创意创作、设计软件应用（AI/CAD）、设计创新、服饰搭配
艺术学,设计学类,公共艺术,公共艺术创作、创意设计、材料应用、艺术创新、公共空间设计
艺术学,设计学类,工艺美术,工艺创作、技艺传承、材料应用、工艺创新、工艺软件应用
艺术学,设计学类,数字媒体艺术,数字艺术创作、创意设计、数字软件应用（AE/Unity）、艺术创新、交互设计
艺术学,设计学类,艺术与科技,艺术科技创作、技术应用、创意设计、科技软件应用、艺术创新
艺术学,设计学类,陶瓷艺术设计,陶瓷设计、工艺创作、材料应用、陶瓷创新、陶瓷软件应用
艺术学,设计学类,新媒体艺术,新媒体创作、技术应用、创意设计、新媒体软件应用、艺术创新
艺术学,设计学类,包装设计,包装设计、创意创作、设计软件应用（AI/CAD）、设计创新、包装工艺
艺术学,设计学类,珠宝首饰设计与工艺,珠宝设计、工艺创作、材料应用、珠宝创新、珠宝软件应用（Rhino/JewelCAD）
艺术学,设计学类,人居设计,人居空间设计、创意创作、设计软件应用（CAD/3D Max）、设计创新、空间规划
艺术学,设计学类,游戏艺术设计,游戏设计、角色/场景设计、设计软件应用（3D Max/Unity）、设计创新、游戏体验设计
